{
  "accuracy": 0.6820215643790305,
  "auc": 0.7501949504293667,
  "classification_report": {
    "0": {
      "precision": 0.6830582774626096,
      "recall": 0.6792051282051282,
      "f1-score": 0.6811262535356133,
      "support": 39000.0
    },
    "1": {
      "precision": 0.680996455799485,
      "recall": 0.6848380727710967,
      "f1-score": 0.6829118617198088,
      "support": 38999.0
    },
    "accuracy": 0.6820215643790305,
    "macro avg": {
      "precision": 0.6820273666310472,
      "recall": 0.6820216004881124,
      "f1-score": 0.682019057627711,
      "support": 77999.0
    },
    "weighted avg": {
      "precision": 0.6820273798480223,
      "recall": 0.6820215643790305,
      "f1-score": 0.682019046181358,
      "support": 77999.0
    }
  },
  "confusion_matrix": [
    [
      26489,
      12511
    ],
    [
      12291,
      26708
    ]
  ],
  "best_params": {
    "subsample": 0.7,
    "n_estimators": 150,
    "min_child_weight": 7,
    "max_depth": 6,
    "learning_rate": 0.05,
    "gamma": 1,
    "colsample_bytree": 0.6
  }
}